symbol,instrument_key
360 ONE WAM Ltd,NSE_EQ|INE466L01038
3M India Ltd,NSE_EQ|INE470A01017
ABB India Ltd,NSE_EQ|INE117A01022
ACC Ltd,NSE_EQ|INE012A01025
ACME Solar Holdings Ltd,NSE_EQ|INE622W01025
AIA Engineering Ltd,NSE_EQ|INE212H01026
APL Apollo Tubes Ltd,NSE_EQ|INE702C01027
AU Small Finance Bank Ltd,NSE_EQ|INE949L01017
AWL Agri Business Ltd,NSE_EQ|INE699H01024
Aadhar Housing Finance Ltd,NSE_EQ|INE883F01010
Aarti Industries Ltd,NSE_EQ|INE769A01020
Aavas Financiers Ltd,NSE_EQ|INE216P01012
Abbott India Ltd,NSE_EQ|INE358A01014
Action Construction Equipment Ltd,NSE_EQ|INE731H01025
Adani Energy Solutions Ltd,NSE_EQ|INE931S01010
Adani Enterprises Ltd,NSE_EQ|INE423A01024
Adani Green Energy Ltd,NSE_EQ|INE364U01010
Adani Ports and Special Economic Zone Ltd,NSE_EQ|INE742F01042
Adani Power Ltd,NSE_EQ|INE814H01029
Adani Total Gas Ltd,NSE_EQ|INE399L01023
Aditya Birla Capital Ltd,NSE_EQ|INE674K01013
Aditya Birla Fashion and Retail Ltd,NSE_EQ|INE647O01011
Aditya Birla Lifestyle Brands Ltd,NSE_EQ|INE14LE01019
Aditya Birla Real Estate Ltd,NSE_EQ|INE055A01016
Aditya Birla Sun Life AMC Ltd,NSE_EQ|INE404A01024
Aegis Logistics Ltd,NSE_EQ|INE208C01025
Aegis Vopak Terminals Ltd,NSE_EQ|INE0INX01018
Afcons Infrastructure Ltd,NSE_EQ|INE101I01011
Affle 3i Ltd,NSE_EQ|INE00WC01027
Ajanta Pharmaceuticals Ltd,NSE_EQ|INE031B01049
Akums Drugs and Pharmaceuticals Ltd,NSE_EQ|INE09XN01023
Akzo Nobel India Ltd,NSE_EQ|INE133A01011
Alembic Pharmaceuticals Ltd,NSE_EQ|INE901L01018
Alkem Laboratories Ltd,NSE_EQ|INE540L01014
Alkyl Amines Chemicals Ltd,NSE_EQ|INE150B01039
Alok Industries Ltd,NSE_EQ|INE270A01029
Amara Raja Energy & Mobility Ltd,NSE_EQ|INE885A01032
Amber Enterprises India Ltd,NSE_EQ|INE371P01015
Ambuja Cements Ltd,NSE_EQ|INE079A01024
Anand Rathi Wealth Ltd,NSE_EQ|INE463V01026
Anant Raj Ltd,NSE_EQ|INE242C01024
Angel One Ltd,NSE_EQ|INE732I01013
Apar Industries Ltd,NSE_EQ|INE372A01015
Apollo Hospitals Enterprise Ltd,NSE_EQ|INE437A01024
Apollo Tyres Ltd,NSE_EQ|INE438A01022
Aptus Value Housing Finance India Ltd,NSE_EQ|INE852O01025
Asahi India Glass Ltd,NSE_EQ|INE439A01020
Ashok Leyland Ltd,NSE_EQ|INE208A01029
Asian Paints Ltd,NSE_EQ|INE021A01026
Aster DM Healthcare Ltd,NSE_EQ|INE914M01019
AstraZenca Pharma India Ltd,NSE_EQ|INE203A01020
Astral Ltd,NSE_EQ|INE006I01046
Ather Energy Ltd,NSE_EQ|INE0LEZ01016
Atul Ltd,NSE_EQ|INE100A01010
Aurobindo Pharma Ltd,NSE_EQ|INE406A01037
Authum Investment & Infrastructure Ltd,NSE_EQ|INE206F01022
Avenue Supermarts Ltd,NSE_EQ|INE192R01011
Axis Bank Ltd,NSE_EQ|INE238A01034
BASF India Ltd,NSE_EQ|INE373A01013
BEML Ltd,NSE_EQ|INE258A01024
BLS International Services Ltd,NSE_EQ|INE153T01027
BSE Ltd,NSE_EQ|INE118H01025
Bajaj Auto Ltd,NSE_EQ|INE917I01010
Bajaj Finance Ltd,NSE_EQ|INE296A01032
Bajaj Finserv Ltd,NSE_EQ|INE918I01026
Bajaj Holdings & Investment Ltd,NSE_EQ|INE118A01012
Bajaj Housing Finance Ltd,NSE_EQ|INE377Y01014
Balkrishna Industries Ltd,NSE_EQ|INE787D01026
Balrampur Chini Mills Ltd,NSE_EQ|INE119A01028
Bandhan Bank Ltd,NSE_EQ|INE545U01014
Bank of Baroda,NSE_EQ|INE028A01039
Bank of India,NSE_EQ|INE084A01016
Bank of Maharashtra,NSE_EQ|INE457A01014
Bata India Ltd,NSE_EQ|INE176A01028
Bayer Cropscience Ltd,NSE_EQ|INE462A01022
Berger Paints India Ltd,NSE_EQ|INE463A01038
Bharat Dynamics Ltd,NSE_EQ|INE171Z01026
Bharat Electronics Ltd,NSE_EQ|INE263A01024
Bharat Forge Ltd,NSE_EQ|INE465A01025
Bharat Heavy Electricals Ltd,NSE_EQ|INE257A01026
Bharat Petroleum Corporation Ltd,NSE_EQ|INE029A01011
Bharti Airtel Ltd,NSE_EQ|INE397D01024
Bharti Hexacom Ltd,NSE_EQ|INE343G01021
Bikaji Foods International Ltd,NSE_EQ|INE00E101023
Biocon Ltd,NSE_EQ|INE376G01013
Birlasoft Ltd,NSE_EQ|INE836A01035
Blue Dart Express Ltd,NSE_EQ|INE233B01017
Blue Jet Healthcare Ltd,NSE_EQ|INE0KBH01020
Blue Star Ltd,NSE_EQ|INE472A01039
Bombay Burmah Trading Corporation Ltd,NSE_EQ|INE050A01025
Bosch Ltd,NSE_EQ|INE323A01026
Brainbees Solutions Ltd,NSE_EQ|INE02RE01045
Brigade Enterprises Ltd,NSE_EQ|INE791I01019
Britannia Industries Ltd,NSE_EQ|INE216A01030
CE Info Systems Ltd,NSE_EQ|INE0BV301023
CCL Products (I) Ltd,NSE_EQ|INE421D01022
CESC Ltd,NSE_EQ|INE486A01021
CG Power and Industrial Solutions Ltd,NSE_EQ|INE067A01029
CRISIL Ltd,NSE_EQ|INE007A01025
Campus Activewear Ltd,NSE_EQ|INE278Y01022
Can Fin Homes Ltd,NSE_EQ|INE477A01020
Canara Bank,NSE_EQ|INE476A01022
Caplin Point Laboratories Ltd,NSE_EQ|INE475E01026
Capri Global Capital Ltd,NSE_EQ|INE180C01042
Carborundum Universal Ltd,NSE_EQ|INE120A01034
Castrol India Ltd,NSE_EQ|INE172A01027
Ceat Ltd,NSE_EQ|INE482A01020
Central Bank of India,NSE_EQ|INE483A01010
Central Depository Services (India) Ltd,NSE_EQ|INE736A01011
Century Plyboards (India) Ltd,NSE_EQ|INE348B01021
Cera Sanitaryware Ltd,NSE_EQ|INE739E01017
Chalet Hotels Ltd,NSE_EQ|INE427F01016
Chambal Fertilizers & Chemicals Ltd,NSE_EQ|INE085A01013
Chennai Petroleum Corporation Ltd,NSE_EQ|INE178A01016
Choice International Ltd,NSE_EQ|INE102B01014
Cholamandalam Financial Holdings Ltd,NSE_EQ|INE149A01033
Cholamandalam Investment and Finance Company Ltd,NSE_EQ|INE121A01024
Cipla Ltd,NSE_EQ|INE059A01026
City Union Bank Ltd,NSE_EQ|INE491A01021
Clean Science and Technology Ltd,NSE_EQ|INE227W01023
Coal India Ltd,NSE_EQ|INE522F01014
Cochin Shipyard Ltd,NSE_EQ|INE704P01025
Coforge Ltd,NSE_EQ|INE591G01025
Cohance Lifesciences Ltd,NSE_EQ|INE03QK01018
Colgate Palmolive (India) Ltd,NSE_EQ|INE259A01022
Computer Age Management Services Ltd,NSE_EQ|INE596I01020
Concord Biotech Ltd,NSE_EQ|INE338H01029
Container Corporation of India Ltd,NSE_EQ|INE111A01025
Coromandel International Ltd,NSE_EQ|INE169A01031
Craftsman Automation Ltd,NSE_EQ|INE00LO01017
CreditAccess Grameen Ltd,NSE_EQ|INE741K01010
Crompton Greaves Consumer Electricals Ltd,NSE_EQ|INE299U01018
Cummins India Ltd,NSE_EQ|INE298A01020
Cyient Ltd,NSE_EQ|INE136B01020
DCM Shriram Ltd,NSE_EQ|INE499A01024
DLF Ltd,NSE_EQ|INE271C01023
DOMS Industries Ltd,NSE_EQ|INE321T01012
Dabur India Ltd,NSE_EQ|INE016A01026
Dalmia Bharat Ltd,NSE_EQ|INE00R701025
Data Patterns (India) Ltd,NSE_EQ|INE0IX101010
Deepak Fertilisers & Petrochemicals Corp Ltd,NSE_EQ|INE501A01019
Deepak Nitrite Ltd,NSE_EQ|INE288B01029
Delhivery Ltd,NSE_EQ|INE148O01028
Devyani International Ltd,NSE_EQ|INE872J01023
Divi's Laboratories Ltd,NSE_EQ|INE361B01024
Dixon Technologies (India) Ltd,NSE_EQ|INE935N01020
Dr Agarwal's Health Care Ltd,NSE_EQ|INE943P01029
Dr Lal Path Labs Ltd,NSE_EQ|INE600L01024
Dr Reddy's Laboratories Ltd,NSE_EQ|INE089A01031
EID Parry (India) Ltd,NSE_EQ|INE126A01031
EIH Ltd,NSE_EQ|INE230A01023
Eicher Motors Ltd,NSE_EQ|INE066A01021
Elecon Engineering Co Ltd,NSE_EQ|INE205B01031
Elgi Equipments Ltd,NSE_EQ|INE285A01027
Emami Ltd,NSE_EQ|INE548C01032
Emcure Pharmaceuticals Ltd,NSE_EQ|INE168P01015
Endurance Technologies Ltd,NSE_EQ|INE913H01037
Engineers India Ltd,NSE_EQ|INE510A01028
Eris Lifesciences Ltd,NSE_EQ|INE406M01024
Escorts Kubota Ltd,NSE_EQ|INE042A01014
Eternal Ltd,NSE_EQ|INE758T01015
Exide Industries Ltd,NSE_EQ|INE302A01020
FSN E-Commerce Ventures Ltd,NSE_EQ|INE388Y01029
Federal Bank Ltd,NSE_EQ|INE171A01029
Fertilisers and Chemicals Travancore Ltd,NSE_EQ|INE188A01015
Finolex Cables Ltd,NSE_EQ|INE235A01022
Finolex Industries Ltd,NSE_EQ|INE183A01024
Firstsource Solutions Ltd,NSE_EQ|INE684F01012
Five-Star Business Finance Ltd,NSE_EQ|INE128S01021
Force Motors Ltd,NSE_EQ|INE451A01017
Fortis Healthcare Ltd,NSE_EQ|INE061F01013
GAIL (India) Ltd,NSE_EQ|INE129A01019
GE Vernova T&D India Ltd,NSE_EQ|INE200A01026
GMR Airports Ltd,NSE_EQ|INE776C01039
Garden Reach Shipbuilders & Engineers Ltd,NSE_EQ|INE382Z01011
General Insurance Corporation of India,NSE_EQ|INE481Y01014
Gillette India Ltd,NSE_EQ|INE322A01010
Gland Pharma Ltd,NSE_EQ|INE068V01023
Glaxosmithkline Pharmaceuticals Ltd,NSE_EQ|INE159A01016
Glenmark Pharmaceuticals Ltd,NSE_EQ|INE935A01035
Global Health Ltd,NSE_EQ|INE474Q01031
Go Digit General Insurance Ltd,NSE_EQ|INE03JT01014
Godawari Power & Ispat Ltd,NSE_EQ|INE177H01039
Godfrey Phillips India Ltd,NSE_EQ|INE260B01028
Godrej Agrovet Ltd,NSE_EQ|INE850D01014
Godrej Consumer Products Ltd,NSE_EQ|INE102D01028
Godrej Industries Ltd,NSE_EQ|INE233A01035
Godrej Properties Ltd,NSE_EQ|INE484J01027
Granules India Ltd,NSE_EQ|INE101D01020
Graphite India Ltd,NSE_EQ|INE371A01025
Grasim Industries Ltd,NSE_EQ|INE047A01021
Gravita India Ltd,NSE_EQ|INE024L01027
Great Eastern Shipping Co Ltd,NSE_EQ|INE017A01032
Gujarat Fluorochemicals Ltd,NSE_EQ|INE09N301011
Gujarat Gas Ltd,NSE_EQ|INE844O01030
Gujarat Mineral Development Corporation Ltd,NSE_EQ|INE131A01031
Gujarat State Petronet Ltd,NSE_EQ|INE246F01010
HEG Ltd,NSE_EQ|INE545A01024
HBL Engineering Ltd,NSE_EQ|INE292B01021
HCL Technologies Ltd,NSE_EQ|INE860A01027
HDFC Asset Management Company Ltd,NSE_EQ|INE127D01025
HDFC Bank Ltd,NSE_EQ|INE040A01034
HDFC Life Insurance Company Ltd,NSE_EQ|INE795G01014
HFCL Ltd,NSE_EQ|INE548A01028
Happiest Minds Technologies Ltd,NSE_EQ|INE419U01012
Havells India Ltd,NSE_EQ|INE176B01034
Hero MotoCorp Ltd,NSE_EQ|INE158A01026
Hexaware Technologies Ltd,NSE_EQ|INE093A01041
Himadri Speciality Chemical Ltd,NSE_EQ|INE019C01026
Hindalco Industries Ltd,NSE_EQ|INE038A01020
Hindustan Aeronautics Ltd,NSE_EQ|INE066F01020
Hindustan Copper Ltd,NSE_EQ|INE531E01026
Hindustan Petroleum Corporation Ltd,NSE_EQ|INE094A01015
Hindustan Unilever Ltd,NSE_EQ|INE030A01027
Hindustan Zinc Ltd,NSE_EQ|INE267A01025
Hitachi Energy India Ltd,NSE_EQ|INE07Y701011
Home First Finance Company India Ltd,NSE_EQ|INE481N01025
Honasa Consumer Ltd,NSE_EQ|INE0J5401028
Honeywell Automation India Ltd,NSE_EQ|INE671A01010
Housing & Urban Development Corporation Ltd,NSE_EQ|INE031A01017
Hyundai Motor India Ltd,NSE_EQ|INE0V6F01027
ICICI Bank Ltd,NSE_EQ|INE090A01021
ICICI Lombard General Insurance Company Ltd,NSE_EQ|INE765G01017
ICICI Prudential Life Insurance Company Ltd,NSE_EQ|INE726G01019
IDBI Bank Ltd,NSE_EQ|INE008A01015
IDFC First Bank Ltd,NSE_EQ|INE092T01019
IFCI Ltd,NSE_EQ|INE039A01010
IIFL Finance Ltd,NSE_EQ|INE530B01024
INOX India Ltd,NSE_EQ|INE616N01034
IRB Infrastructure Developers Ltd,NSE_EQ|INE821I01022
IRCON International Ltd,NSE_EQ|INE962Y01021
ITC Hotels Ltd,NSE_EQ|INE379A01028
ITC Ltd,NSE_EQ|INE154A01025
ITI Ltd,NSE_EQ|INE248A01017
Indegene Ltd,NSE_EQ|INE065X01017
India Cements Ltd,NSE_EQ|INE383A01012
Indiamart Intermesh Ltd,NSE_EQ|INE933S01016
Indian Bank,NSE_EQ|INE562A01011
Indian Energy Exchange Ltd,NSE_EQ|INE022Q01020
Indian Hotels Co Ltd,NSE_EQ|INE053A01029
Indian Oil Corporation Ltd,NSE_EQ|INE242A01010
Indian Overseas Bank,NSE_EQ|INE565A01014
Indian Railway Catering And Tourism Corporation Ltd,NSE_EQ|INE335Y01020
Indian Railway Finance Corporation Ltd,NSE_EQ|INE053F01010
Indian Renewable Energy Development Agency Ltd,NSE_EQ|INE202E01016
Indraprastha Gas Ltd,NSE_EQ|INE203G01027
Indus Towers Ltd,NSE_EQ|INE121J01017
IndusInd Bank Ltd,NSE_EQ|INE095A01012
Info Edge (India) Ltd,NSE_EQ|INE663F01032
Infosys Ltd,NSE_EQ|INE009A01021
Inox Wind Ltd,NSE_EQ|INE066P01011
Intellect Design Arena Ltd,NSE_EQ|INE306R01017
InterGlobe Aviation Ltd,NSE_EQ|INE646L01027
International Gemmological Institute (India) Ltd,NSE_EQ|INE0Q9301021
Inventurus Knowledge Solutions Ltd,NSE_EQ|INE115Q01022
Ipca Laboratories Ltd,NSE_EQ|INE571A01038
JB Chemicals & Pharmaceuticals Ltd,NSE_EQ|INE572A01036
JK Cement Ltd,NSE_EQ|INE823G01014
JBM Auto Ltd,NSE_EQ|INE927D01051
JK Tyre & Industries Ltd,NSE_EQ|INE573A01042
JM Financial Ltd,NSE_EQ|INE780C01023
JSW Energy Ltd,NSE_EQ|INE121E01018
JSW Infrastructure Ltd,NSE_EQ|INE880J01026
JSW Steel Ltd,NSE_EQ|INE019A01038
Jaiprakash Power Ventures Ltd,NSE_EQ|INE351F01018
Jammu & Kashmir Bank Ltd,NSE_EQ|INE168A01041
Jindal Saw Ltd,NSE_EQ|INE324A01032
Jindal Stainless Ltd,NSE_EQ|INE220G01021
Jindal Steel Ltd,NSE_EQ|INE749A01030
Jio Financial Services Ltd,NSE_EQ|INE758E01017
Jubilant Foodworks Ltd,NSE_EQ|INE797F01020
Jubilant Ingrevia Ltd,NSE_EQ|INE0BY001018
Jubilant Pharmova Ltd,NSE_EQ|INE700A01033
Jupiter Wagons Ltd,NSE_EQ|INE209L01016
Jyothy Labs Ltd,NSE_EQ|INE668F01031
Jyoti CNC Automation Ltd,NSE_EQ|INE980O01024
KPR Mill Ltd,NSE_EQ|INE930H01031
KEI Industries Ltd,NSE_EQ|INE878B01027
KPIT Technologies Ltd,NSE_EQ|INE04I401011
KSB Ltd,NSE_EQ|INE999A01023
Kajaria Ceramics Ltd,NSE_EQ|INE217B01036
Kalpataru Projects International Ltd,NSE_EQ|INE220B01022
Kalyan Jewellers India Ltd,NSE_EQ|INE303R01014
Karur Vysya Bank Ltd,NSE_EQ|INE036D01028
Kaynes Technology India Ltd,NSE_EQ|INE918Z01012
Kec International Ltd,NSE_EQ|INE389H01022
Kfin Technologies Ltd,NSE_EQ|INE138Y01010
Kirloskar Brothers Ltd,NSE_EQ|INE732A01036
Kirloskar Oil Eng Ltd,NSE_EQ|INE146L01010
Kotak Mahindra Bank Ltd,NSE_EQ|INE237A01028
Krishna Institute of Medical Sciences Ltd,NSE_EQ|INE967H01025
L&T Finance Ltd,NSE_EQ|INE498L01015
L&T Technology Services Ltd,NSE_EQ|INE010V01017
LIC Housing Finance Ltd,NSE_EQ|INE115A01026
LT Foods Ltd,NSE_EQ|INE818H01020
LTIMindtree Ltd,NSE_EQ|INE214T01019
Larsen & Toubro Ltd,NSE_EQ|INE018A01030
Latent View Analytics Ltd,NSE_EQ|INE0I7C01011
Laurus Labs Ltd,NSE_EQ|INE947Q01028
Leela Palaces Hotels & Resorts Ltd,NSE_EQ|INE0AQ201015
Lemon Tree Hotels Ltd,NSE_EQ|INE970X01018
Life Insurance Corporation of India,NSE_EQ|INE0J1Y01017
Linde India Ltd,NSE_EQ|INE473A01011
Lloyds Metals And Energy Ltd,NSE_EQ|INE281B01032
Lodha Developers Ltd,NSE_EQ|INE670K01029
Lupin Ltd,NSE_EQ|INE326A01037
MMTC Ltd,NSE_EQ|INE123F01029
MRF Ltd,NSE_EQ|INE883A01011
Mahanagar Gas Ltd,NSE_EQ|INE002S01010
Maharashtra Scooters Ltd,NSE_EQ|INE288A01013
Maharashtra Seamless Ltd,NSE_EQ|INE271B01025
Mahindra & Mahindra Financial Services Ltd,NSE_EQ|INE774D01024
Mahindra & Mahindra Ltd,NSE_EQ|INE101A01026
Manappuram Finance Ltd,NSE_EQ|INE522D01027
Mangalore Refinery & Petrochemicals Ltd,NSE_EQ|INE103A01014
Mankind Pharma Ltd,NSE_EQ|INE634S01028
Marico Ltd,NSE_EQ|INE196A01026
Maruti Suzuki India Ltd,NSE_EQ|INE585B01010
Max Financial Services Ltd,NSE_EQ|INE180A01020
Max Healthcare Institute Ltd,NSE_EQ|INE027H01010
Mazagoan Dock Shipbuilders Ltd,NSE_EQ|INE249Z01020
Metropolis Healthcare Ltd,NSE_EQ|INE112L01020
Minda Corporation Ltd,NSE_EQ|INE842C01021
Motherson Sumi Wiring India Ltd,NSE_EQ|INE0FS801015
Motilal Oswal Financial Services Ltd,NSE_EQ|INE338I01027
MphasiS Ltd,NSE_EQ|INE356A01018
Multi Commodity Exchange of India Ltd,NSE_EQ|INE745G01035
Muthoot Finance Ltd,NSE_EQ|INE414G01012
NATCO Pharma Ltd,NSE_EQ|INE987B01026
NBCC (India) Ltd,NSE_EQ|INE095N01031
NCC Ltd,NSE_EQ|INE868B01028
NHPC Ltd,NSE_EQ|INE848E01016
NLC India Ltd,NSE_EQ|INE589A01014
NMDC Ltd,NSE_EQ|INE584A01023
NMDC Steel Ltd,NSE_EQ|INE0NNS01018
NTPC Green Energy Ltd,NSE_EQ|INE0ONG01011
NTPC Ltd,NSE_EQ|INE733E01010
Narayana Hrudayalaya Ltd,NSE_EQ|INE410P01011
National Aluminium Co Ltd,NSE_EQ|INE139A01034
Nava Ltd,NSE_EQ|INE725A01030
Navin Fluorine International Ltd,NSE_EQ|INE048G01026
Nestle India Ltd,NSE_EQ|INE239A01024
Netweb Technologies India Ltd,NSE_EQ|INE0NT901020
Neuland Laboratories Ltd,NSE_EQ|INE794A01010
Newgen Software Technologies Ltd,NSE_EQ|INE619B01017
Nippon Life India Asset Management Ltd,NSE_EQ|INE298J01013
Niva Bupa Health Insurance Company Ltd,NSE_EQ|INE995S01015
Nuvama Wealth Management Ltd,NSE_EQ|INE531F01023
Nuvoco Vistas Corporation Ltd,NSE_EQ|INE118D01016
Oberoi Realty Ltd,NSE_EQ|INE093I01010
Oil & Natural Gas Corporation Ltd,NSE_EQ|INE213A01029
Oil India Ltd,NSE_EQ|INE274J01014
Ola Electric Mobility Ltd,NSE_EQ|INE0LXG01040
Olectra Greentech Ltd,NSE_EQ|INE260D01016
One 97 Communications Ltd,NSE_EQ|INE982J01020
Onesource Specialty Pharma Ltd,NSE_EQ|INE013P01021
Oracle Financial Services Software Ltd,NSE_EQ|INE881D01027
PB Fintech Ltd,NSE_EQ|INE417T01026
PCBL Chemical Ltd,NSE_EQ|INE602A01031
PG Electroplast Ltd,NSE_EQ|INE457L01029
PI Industries Ltd,NSE_EQ|INE603J01030
PNB Housing Finance Ltd,NSE_EQ|INE572E01012
PTC Industries Ltd,NSE_EQ|INE596F01018
PVR INOX Ltd,NSE_EQ|INE191H01014
Page Industries Ltd,NSE_EQ|INE761H01022
Patanjali Foods Ltd,NSE_EQ|INE619A01035
Persistent Systems Ltd,NSE_EQ|INE262H01021
Petronet LNG Ltd,NSE_EQ|INE347G01014
Pfizer Ltd,NSE_EQ|INE182A01018
Phoenix Mills Ltd,NSE_EQ|INE211B01039
Pidilite Industries Ltd,NSE_EQ|INE318A01026
Piramal Pharma Ltd,NSE_EQ|INE0DK501011
Poly Medicure Ltd,NSE_EQ|INE205C01021
Polycab India Ltd,NSE_EQ|INE455K01017
Poonawalla Fincorp Ltd,NSE_EQ|INE511C01022
Power Finance Corporation Ltd,NSE_EQ|INE134E01011
Power Grid Corporation of India Ltd,NSE_EQ|INE752E01010
Praj Industries Ltd,NSE_EQ|INE074A01025
Premier Energies Ltd,NSE_EQ|INE0BS701011
Prestige Estates Projects Ltd,NSE_EQ|INE811K01011
Procter & Gamble Hygiene & Health Care Ltd,NSE_EQ|INE179A01014
Punjab National Bank,NSE_EQ|INE160A01022
R R Kabel Ltd,NSE_EQ|INE777K01022
RBL Bank Ltd,NSE_EQ|INE976G01028
REC Ltd,NSE_EQ|INE020B01018
RHI MAGNESITA INDIA LTD,NSE_EQ|INE743M01012
RITES Ltd,NSE_EQ|INE320J01015
Radico Khaitan Ltd,NSE_EQ|INE944F01028
Rail Vikas Nigam Ltd,NSE_EQ|INE415G01027
Railtel Corporation Of India Ltd,NSE_EQ|INE0DD101019
Rainbow Childrens Medicare Ltd,NSE_EQ|INE961O01016
Ramkrishna Forgings Ltd,NSE_EQ|INE399G01023
Rashtriya Chemicals & Fertilizers Ltd,NSE_EQ|INE027A01015
Redington Ltd,NSE_EQ|INE891D01026
Reliance Industries Ltd,NSE_EQ|INE002A01018
Reliance Infrastructure Ltd,NSE_EQ|INE036A01016
Reliance Power Ltd,NSE_EQ|INE614G01033
SBFC Finance Ltd,NSE_EQ|INE423Y01016
SBI Cards and Payment Services Ltd,NSE_EQ|INE018E01016
SBI Life Insurance Company Ltd,NSE_EQ|INE123W01016
SJVN Ltd,NSE_EQ|INE002L01015
SKF India Ltd,NSE_EQ|INE640A01023
SRF Ltd,NSE_EQ|INE647A01010
Sagility Ltd,NSE_EQ|INE0W2G01015
Sai Life Sciences Ltd,NSE_EQ|INE570L01029
Sammaan Capital Ltd,NSE_EQ|INE148I01020
Samvardhana Motherson International Ltd,NSE_EQ|INE775A01035
Sapphire Foods India Ltd,NSE_EQ|INE806T01020
Sarda Energy and Minerals Ltd,NSE_EQ|INE385C01021
Saregama India Ltd,NSE_EQ|INE979A01025
Schaeffler India Ltd,NSE_EQ|INE513A01022
Schneider Electric Infrastructure Ltd,NSE_EQ|INE839M01018
Shipping Corporation of India Ltd,NSE_EQ|INE109A01011
Shree Cement Ltd,NSE_EQ|INE070A01015
Shriram Finance Ltd,NSE_EQ|INE721A01047
Shyam Metalics and Energy Ltd,NSE_EQ|INE810G01011
Siemens Energy India Ltd,NSE_EQ|INE1NPP01017
Siemens Ltd,NSE_EQ|INE003A01024
Signatureglobal (India) Ltd,NSE_EQ|INE903U01023
Sobha Ltd,NSE_EQ|INE671H01015
Solar Industries India Ltd,NSE_EQ|INE343H01029
Sona BLW Precision Forgings Ltd,NSE_EQ|INE073K01018
Sonata Software Ltd,NSE_EQ|INE269A01021
Star Health and Allied Insurance Company Ltd,NSE_EQ|INE575P01011
State Bank of India,NSE_EQ|INE062A01020
Steel Authority of India Ltd,NSE_EQ|INE114A01011
Sumitomo Chemical India Ltd,NSE_EQ|INE258G01013
Sun Pharmaceutical Industries Ltd,NSE_EQ|INE044A01036
Sun TV Network Ltd,NSE_EQ|INE424H01027
Sundaram Finance Ltd,NSE_EQ|INE660A01013
Sundram Fasteners Ltd,NSE_EQ|INE387A01021
Supreme Industries Ltd,NSE_EQ|INE195A01028
Suzlon Energy Ltd,NSE_EQ|INE040H01021
Swan Corp Ltd,NSE_EQ|INE665A01038
Swiggy Ltd,NSE_EQ|INE00H001014
Syngene International Ltd,NSE_EQ|INE398R01022
Syrma SGS Technology Ltd,NSE_EQ|INE0DYJ01015
TBO Tek Ltd,NSE_EQ|INE673O01025
TVS Motor Company Ltd,NSE_EQ|INE494B01023
Tata Chemicals Ltd,NSE_EQ|INE092A01019
Tata Communications Ltd,NSE_EQ|INE151A01013
Tata Consultancy Services Ltd,NSE_EQ|INE467B01029
Tata Consumer Products Ltd,NSE_EQ|INE192A01025
Tata Elxsi Ltd,NSE_EQ|INE670A01012
Tata Investment Corporation Ltd,NSE_EQ|INE672A01026
Tata Motors Passenger Vehicles Ltd,NSE_EQ|INE155A01022
Tata Power Co Ltd,NSE_EQ|INE245A01021
Tata Steel Ltd,NSE_EQ|INE081A01020
Tata Technologies Ltd,NSE_EQ|INE142M01025
Tata Teleservices (Maharashtra) Ltd,NSE_EQ|INE517B01013
Tech Mahindra Ltd,NSE_EQ|INE669C01036
Techno Electric & Engineering Company Ltd,NSE_EQ|INE285K01026
Tejas Networks Ltd,NSE_EQ|INE010J01012
The New India Assurance Company Ltd,NSE_EQ|INE470Y01017
The Ramco Cements Ltd,NSE_EQ|INE331A01037
Thermax Ltd,NSE_EQ|INE152A01029
Timken India Ltd,NSE_EQ|INE325A01013
Titagarh Rail Systems Ltd,NSE_EQ|INE615H01020
Titan Company Ltd,NSE_EQ|INE280A01028
Torrent Pharmaceuticals Ltd,NSE_EQ|INE685A01028
Torrent Power Ltd,NSE_EQ|INE813H01021
Transformers And Rectifiers (India) Ltd,NSE_EQ|INE763I01026
Trent Ltd,NSE_EQ|INE849A01020
Trident Ltd,NSE_EQ|INE064C01022
Triveni Engineering & Industries Ltd,NSE_EQ|INE256C01024
Triveni Turbine Ltd,NSE_EQ|INE152M01016
Tube Investments of India Ltd,NSE_EQ|INE974X01010
UCO Bank,NSE_EQ|INE691A01018
UNO Minda Ltd,NSE_EQ|INE405E01023
UPL Ltd,NSE_EQ|INE628A01036
UTI Asset Management Company Ltd,NSE_EQ|INE094J01016
UltraTech Cement Ltd,NSE_EQ|INE481G01011
Union Bank of India,NSE_EQ|INE692A01016
United Breweries Ltd,NSE_EQ|INE686F01025
United Spirits Ltd,NSE_EQ|INE854D01024
Usha Martin Ltd,NSE_EQ|INE228A01035
V-Guard Industries Ltd,NSE_EQ|INE951I01027
Valor Estate Ltd,NSE_EQ|INE879I01012
Vardhman Textiles Ltd,NSE_EQ|INE825A01020
Varun Beverages Ltd,NSE_EQ|INE200M01039
Vedant Fashions Ltd,NSE_EQ|INE825V01034
Vedanta Ltd,NSE_EQ|INE205A01025
Ventive Hospitality Ltd,NSE_EQ|INE781S01027
Vijaya Diagnostic Centre Ltd,NSE_EQ|INE043W01024
Vishal Mega Mart Ltd,NSE_EQ|INE01EA01019
Vodafone Idea Ltd,NSE_EQ|INE669E01016
Voltas Ltd,NSE_EQ|INE226A01021
Waaree Energies Ltd,NSE_EQ|INE377N01017
Welspun Corp Ltd,NSE_EQ|INE191B01025
Welspun Living Ltd,NSE_EQ|INE192B01031
Whirlpool of India Ltd,NSE_EQ|INE716A01013
Wipro Ltd,NSE_EQ|INE075A01022
Wockhardt Ltd,NSE_EQ|INE049B01025
Yes Bank Ltd,NSE_EQ|INE528G01035
ZF Commercial Vehicle Control Systems India Ltd,NSE_EQ|INE342J01019
Zee Entertainment Enterprises Ltd,NSE_EQ|INE256A01028
Zen Technologies Ltd,NSE_EQ|INE251B01027
Zensar Technolgies Ltd,NSE_EQ|INE520A01027
Zydus Lifesciences Ltd,NSE_EQ|INE010B01027
eClerx Services Ltd,NSE_EQ|INE738I01010
